{"accuracy": [0.8954545259475708, 0.967424213886261, 0.973809540271759, 0.9764069318771362, 0.9778138399124146, 0.9765151739120483, 0.9769480228424072, 0.975649356842041, 0.9779220819473267, 0.9790043234825134], "loss": [0.7275850176811218, 0.09162169694900513, 0.07772698253393173, 0.06833957880735397, 0.06842010468244553, 0.06774896383285522, 0.06460952758789062, 0.06791052222251892, 0.06567647308111191, 0.06660731136798859], "val_accuracy": [0.9501822590827942, 0.9586877226829529, 0.959902822971344, 0.9611178636550903, 0.9611178636550903, 0.9611178636550903, 0.9611178636550903, 0.9611178636550903, 0.9611178636550903, 0.9611178636550903], "val_loss": [0.2333206832408905, 0.18905068933963776, 0.19228005409240723, 0.1933574080467224, 0.1931799054145813, 0.1932390034198761, 0.193245530128479, 0.19324664771556854, 0.19324670732021332, 0.19324670732021332]}